Batch,Clan_Name,Attack_Position,Relic_Position,Member_Name,Attack,Relic_Cores,Extraction_Time
1,CHAOTICAF,1,1,Bishopᴿᶻᴿ,2.080.400,210+,2025-12-12 01:10:19
1,CHAOTICAF,2,3,ꕤOdysseyꕤ,1.873.400,175+,2025-12-12 01:10:19
1,CHAOTICAF,3,7,SlimCharles.,1.826.000,160+,2025-12-12 01:10:19
1,CHAOTICAF,4,2,JhouieBhoy,1.700.400,195+,2025-12-12 01:10:19
1,CHAOTICAF,5,8,XDeadlyX,1.688.400,155+,2025-12-12 01:10:19
1,CHAOTICAF,6,9,Player 10279824,1.627.500,150+,2025-12-12 01:10:19
1,CHAOTICAF,7,6,nol7,1.620.500,160+,2025-12-12 01:10:19
1,CHAOTICAF,8,4,Slasher2006,1.604.200,175+,2025-12-12 01:10:19
1,CHAOTICAF,9,12,IMWeasel,1.551.900,135+,2025-12-12 01:10:19
1,CHAOTICAF,10,30,Masamune69,1.467.600,95+,2025-12-12 01:10:19
1,CHAOTICAF,11,10,sCooBa,1.405.900,140+,2025-12-12 01:10:19
1,CHAOTICAF,12,11,TaRS,1.376.200,135+,2025-12-12 01:10:19
1,CHAOTICAF,13,14,LudKotka,1.373.000,125+,2025-12-12 01:10:19
1,CHAOTICAF,14,18,meoff21,1.370.100,115+,2025-12-12 01:10:19
1,CHAOTICAF,15,31,ˢᵛᵈㅣChance,1.353.700,90+,2025-12-12 01:10:19
1,CHAOTICAF,16,40,BeeBurst,1.353.500,75+,2025-12-12 01:10:19
1,CHAOTICAF,17,26,OasisBlue1,1.316.700,105+,2025-12-12 01:10:19
1,CHAOTICAF,18,22,ugn,1.264.500,105+,2025-12-12 01:10:19
1,CHAOTICAF,19,27,IdkHodor,1.226.300,100+,2025-12-12 01:10:19
1,CHAOTICAF,20,5,Matt4602,1.217.200,170+,2025-12-12 01:10:19
1,CHAOTICAF,21,16,Maraiah,1.136.000,120+,2025-12-12 01:10:19
1,CHAOTICAF,22,35,Mr1Eye,1.102.200,85+,2025-12-12 01:10:19
1,CHAOTICAF,23,37,PrideOfChickens,1.084.000,80+,2025-12-12 01:10:19
1,CHAOTICAF,24,15,sboots2392,1.077.000,120+,2025-12-12 01:10:19
1,CHAOTICAF,25,21,vicinijoao,1.070.200,110+,2025-12-12 01:10:19
1,CHAOTICAF,26,13,butterpooper,1.067.600,125+,2025-12-12 01:10:19
1,CHAOTICAF,27,34,yeetababy,1.051.900,85+,2025-12-12 01:10:19
1,CHAOTICAF,28,33,DonkeyChung,1.051.400,85+,2025-12-12 01:10:19
1,CHAOTICAF,29,32,tsh12,1.037.300,85+,2025-12-12 01:10:19
1,CHAOTICAF,30,36,ItzRyan24,1.032.200,85+,2025-12-12 01:10:19
1,CHAOTICAF,31,25,realPolo,1.029.000,105+,2025-12-12 01:10:19
1,CHAOTICAF,32,23,Assyrian,1.024.400,105+,2025-12-12 01:10:19
1,CHAOTICAF,33,24,FuzzyDunlop,1.023.000,105+,2025-12-12 01:10:19
1,CHAOTICAF,34,20,iJe44,1.022.300,110+,2025-12-12 01:10:19
1,CHAOTICAF,35,29,CoelhoT,999.700,95+,2025-12-12 01:10:19
1,CHAOTICAF,36,28,Wescum,932.500,95+,2025-12-12 01:10:19
1,CHAOTICAF,37,19,Lilwilkeee,909.300,110+,2025-12-12 01:10:19
1,CHAOTICAF,38,39,Branfarb,905.200,80+,2025-12-12 01:10:19
1,CHAOTICAF,39,17,CharlesTheGG,882.900,120+,2025-12-12 01:10:19
1,CHAOTICAF,40,38,johnasce,804.100,80+,2025-12-12 01:10:19
1,SALTYSTRAYS,1,3,LoraCraftㅣStray,1.731.700,145+,2025-12-12 01:10:19
1,SALTYSTRAYS,2,9,Krymor,1.653.000,125+,2025-12-12 01:10:19
1,SALTYSTRAYS,3,1,CEdY,1.644.800,180+,2025-12-12 01:10:19
1,SALTYSTRAYS,4,4,Monkiibizz,1.630.200,140+,2025-12-12 01:10:19
1,SALTYSTRAYS,5,22,cups│Stray,1.548.100,100+,2025-12-12 01:10:19
1,SALTYSTRAYS,6,6,KingNumNutt,1.536.700,135+,2025-12-12 01:10:19
1,SALTYSTRAYS,7,2,F:l:o:p:p:e:r:S,1.523.700,165+,2025-12-12 01:10:19
1,SALTYSTRAYS,8,5,FatMaineCoon,1.516.300,135+,2025-12-12 01:10:19
1,SALTYSTRAYS,9,28,Bakkihanna,1.511.600,95+,2025-12-12 01:10:19
1,SALTYSTRAYS,10,14,Stefan87|Stray,1.490.000,115+,2025-12-12 01:10:19
1,SALTYSTRAYS,11,12,ApocalypseㅣStray,1.465.600,115+,2025-12-12 01:10:19
1,SALTYSTRAYS,12,11,L881ㅣStray,1.447.500,115+,2025-12-12 01:10:19
1,SALTYSTRAYS,13,8,Madchester,1.437.000,130+,2025-12-12 01:10:19
1,SALTYSTRAYS,14,37,Lambo224,1.430.800,70+,2025-12-12 01:10:19
1,SALTYSTRAYS,15,16,DooMaT|Stray,1.416.600,110+,2025-12-12 01:10:19
1,SALTYSTRAYS,16,35,Escurruzo,1.372.800,80+,2025-12-12 01:10:19
1,SALTYSTRAYS,17,19,tehsumo,1.362.900,105+,2025-12-12 01:10:19
1,SALTYSTRAYS,18,27,LVbeniㅣStray,1.342.400,95+,2025-12-12 01:10:19
1,SALTYSTRAYS,19,24,NYC22,1.315.300,100+,2025-12-12 01:10:19
1,SALTYSTRAYS,20,7,Michrou,1.305.500,130+,2025-12-12 01:10:19
1,SALTYSTRAYS,21,10,三千大千世界,1.301.600,120+,2025-12-12 01:10:19
1,SALTYSTRAYS,22,18,UptownBboiㅣStray,1.299.200,105+,2025-12-12 01:10:19
1,SALTYSTRAYS,23,21,Xordond,1.288.400,100+,2025-12-12 01:10:19
1,SALTYSTRAYS,24,38,MrDanlev00,1.266.400,70+,2025-12-12 01:10:19
1,SALTYSTRAYS,25,15,fakeR,1.263.800,110+,2025-12-12 01:10:19
1,SALTYSTRAYS,26,34,qemaㅣStray,1.239.700,80+,2025-12-12 01:10:19
1,SALTYSTRAYS,27,39,DR33MER,1.195.800,55+,2025-12-12 01:10:19
1,SALTYSTRAYS,28,26,KingHaN,1.160.700,95+,2025-12-12 01:10:19
1,SALTYSTRAYS,29,20,☠╚SIИGH╗⛧,1.106.000,105+,2025-12-12 01:10:19
1,SALTYSTRAYS,30,13,Zyzzyvaa,1.084.400,115+,2025-12-12 01:10:19
1,SALTYSTRAYS,31,30,iSyde,1.072.200,90+,2025-12-12 01:10:19
1,SALTYSTRAYS,32,23,Mjeemaw,1.063.200,100+,2025-12-12 01:10:19
1,SALTYSTRAYS,33,36,ʚ아현ɞ,1.056.600,75+,2025-12-12 01:10:19
1,SALTYSTRAYS,34,33,cantcatchmefordays,1.051.800,85+,2025-12-12 01:10:19
1,SALTYSTRAYS,35,17,SCㅡYaboisasha,974.300,110+,2025-12-12 01:10:19
1,SALTYSTRAYS,36,29,ΣΜΗΝΙΑΣv2,962.500,90+,2025-12-12 01:10:19
1,SALTYSTRAYS,37,32,corvette,951.400,85+,2025-12-12 01:10:19
1,SALTYSTRAYS,38,31,DENNAOᶜʰ,908.500,90+,2025-12-12 01:10:19
1,SALTYSTRAYS,39,25,PipipapipoㅣStray,853.400,95+,2025-12-12 01:10:19
1,WARMASTERSᵗʳᵃʸ,1,1,Benben,1.979.300,225+,2025-12-12 01:10:19
1,WARMASTERSᵗʳᵃʸ,2,3,ӁㆍStrkerᵡ²,1.942.600,135+,2025-12-12 01:10:19
1,WARMASTERSᵗʳᵃʸ,3,18,Silverkelt,1.460.500,110+,2025-12-12 01:10:19
1,WARMASTERSᵗʳᵃʸ,4,12,bigoboogieman,1.437.200,110+,2025-12-12 01:10:19
1,WARMASTERSᵗʳᵃʸ,5,17,TripyJ,1.411.600,110+,2025-12-12 01:10:19
1,WARMASTERSᵗʳᵃʸ,6,5,lexidormor,1.400.400,120+,2025-12-12 01:10:19
1,WARMASTERSᵗʳᵃʸ,7,16,info1234,1.369.200,110+,2025-12-12 01:10:19
1,WARMASTERSᵗʳᵃʸ,8,2,mahoyhoy,1.363.300,155+,2025-12-12 01:10:19
1,WARMASTERSᵗʳᵃʸ,9,10,cashmeoutsidehbd,1.346.100,115+,2025-12-12 01:10:19
1,WARMASTERSᵗʳᵃʸ,10,34,AussieKhunt,1.341.100,80+,2025-12-12 01:10:19
1,WARMASTERSᵗʳᵃʸ,11,15,aNikˢᵗʳᵃʸ,1.337.600,110+,2025-12-12 01:10:19
1,WARMASTERSᵗʳᵃʸ,12,22,Jaylimmy,1.325.400,105+,2025-12-12 01:10:19
1,WARMASTERSᵗʳᵃʸ,13,25,Jlomofo,1.312.600,90+,2025-12-12 01:10:19
1,WARMASTERSᵗʳᵃʸ,14,9,momeroonㅣStray,1.309.700,115+,2025-12-12 01:10:19
1,WARMASTERSᵗʳᵃʸ,15,4,csider,1.273.600,120+,2025-12-12 01:10:19
1,WARMASTERSᵗʳᵃʸ,16,8,Pumchi,1.270.000,115+,2025-12-12 01:10:19
1,WARMASTERSᵗʳᵃʸ,17,23,PenguinOfB00m,1.239.800,100+,2025-12-12 01:10:19
1,WARMASTERSᵗʳᵃʸ,18,14,iflare11,1.233.400,110+,2025-12-12 01:10:19
1,WARMASTERSᵗʳᵃʸ,19,33,FiveSigma,1.202.100,80+,2025-12-12 01:10:19
1,WARMASTERSᵗʳᵃʸ,20,28,JackFrost1,1.183.300,90+,2025-12-12 01:10:19
1,WARMASTERSᵗʳᵃʸ,21,7,Syn86,1.181.000,115+,2025-12-12 01:10:19
1,WARMASTERSᵗʳᵃʸ,22,13,MrStarrr,1.155.400,110+,2025-12-12 01:10:19
1,WARMASTERSᵗʳᵃʸ,23,26,corex,1.054.100,90+,2025-12-12 01:10:19
1,WARMASTERSᵗʳᵃʸ,24,27,Piercerrr,1.032.200,90+,2025-12-12 01:10:19
1,WARMASTERSᵗʳᵃʸ,25,19,UrshiㅣStray,979.900,105+,2025-12-12 01:10:19
1,WARMASTERSᵗʳᵃʸ,26,6,H@$0L@H,967.100,115+,2025-12-12 01:10:19
1,WARMASTERSᵗʳᵃʸ,27,11,burden00,958.000,110+,2025-12-12 01:10:19
1,WARMASTERSᵗʳᵃʸ,28,24,eurxㅣStray,938.500,95+,2025-12-12 01:10:19
1,WARMASTERSᵗʳᵃʸ,29,31,Kassab,935.800,85+,2025-12-12 01:10:19
1,WARMASTERSᵗʳᵃʸ,30,21,r3n36ad3,932.000,105+,2025-12-12 01:10:19
1,WARMASTERSᵗʳᵃʸ,31,20,HoldMyFries,930.500,105+,2025-12-12 01:10:19
1,WARMASTERSᵗʳᵃʸ,32,30,Ramsey414,908.200,85+,2025-12-12 01:10:19
1,WARMASTERSᵗʳᵃʸ,33,29,OnePrime,895.600,85+,2025-12-12 01:10:19
1,WARMASTERSᵗʳᵃʸ,34,37,Mr.keke,873.500,70+,2025-12-12 01:10:19
1,WARMASTERSᵗʳᵃʸ,35,35,TheKO,872.800,80+,2025-12-12 01:10:19
1,WARMASTERSᵗʳᵃʸ,36,32,Vijion,865.500,80+,2025-12-12 01:10:19
1,WARMASTERSᵗʳᵃʸ,37,36,RL325660ㅣStray,859.900,75+,2025-12-12 01:10:19
1,STRAYLEGENDS,1,2,Marissˢᵗʳᵃʸ,1.768.300,195+,2025-12-12 01:10:19
1,STRAYLEGENDS,2,6,Klemperor,1.689.300,130+,2025-12-12 01:10:19
1,STRAYLEGENDS,3,11,NeverFollow,1.509.900,115+,2025-12-12 01:10:19
1,STRAYLEGENDS,4,21,Retroˢᵗʳᵃʸ,1.474.200,100+,2025-12-12 01:10:19
1,STRAYLEGENDS,5,4,SIizzo,1.426.100,145+,2025-12-12 01:10:19
1,STRAYLEGENDS,6,1,Adeebja,1.425.000,245+,2025-12-12 01:10:19
1,STRAYLEGENDS,7,14,Hahachris,1.416.200,110+,2025-12-12 01:10:19
1,STRAYLEGENDS,8,13,RyeWhiskey,1.411.000,110+,2025-12-12 01:10:19
1,STRAYLEGENDS,9,20,B1inK,1.402.600,100+,2025-12-12 01:10:19
1,STRAYLEGENDS,10,15,shinglebells,1.397.600,105+,2025-12-12 01:10:19
1,STRAYLEGENDS,11,19,elivingㅣStray,1.343.600,100+,2025-12-12 01:10:19
1,STRAYLEGENDS,12,28,Strider999,1.338.600,90+,2025-12-12 01:10:19
1,STRAYLEGENDS,13,24,DaveNemesis26,1.327.200,95+,2025-12-12 01:10:19
1,STRAYLEGENDS,14,23,raccoonraccoon,1.322.600,100+,2025-12-12 01:10:19
1,STRAYLEGENDS,15,17,dhayyyyy,1.306.400,105+,2025-12-12 01:10:19
1,STRAYLEGENDS,16,7,Collador,1.289.200,130+,2025-12-12 01:10:19
1,STRAYLEGENDS,17,18,hipboat,1.270.900,100+,2025-12-12 01:10:19
1,STRAYLEGENDS,18,25,DerOnaˢᵗʳᵃʸ,1.265.400,95+,2025-12-12 01:10:19
1,STRAYLEGENDS,19,26,Hung-So-Lo,1.261.400,95+,2025-12-12 01:10:19
1,STRAYLEGENDS,20,5,Tripsixes,1.250.900,140+,2025-12-12 01:10:19
1,STRAYLEGENDS,21,10,tiepls,1.249.200,125+,2025-12-12 01:10:19
1,STRAYLEGENDS,22,29,f2pLinHiM|Strays,1.230.900,90+,2025-12-12 01:10:19
1,STRAYLEGENDS,23,9,FryerofChicken,1.227.800,125+,2025-12-12 01:10:19
1,STRAYLEGENDS,24,27,LiNlFhmYㅣStray,1.218.000,90+,2025-12-12 01:10:19
1,STRAYLEGENDS,25,31,Devs999,1.209.300,85+,2025-12-12 01:10:19
1,STRAYLEGENDS,26,22,LoveSosa1,1.112.700,100+,2025-12-12 01:10:19
1,STRAYLEGENDS,27,12,JaspㅣStray,1.092.800,110+,2025-12-12 01:10:19
1,STRAYLEGENDS,28,8,AntonSh,1.081.600,125+,2025-12-12 01:10:19
1,STRAYLEGENDS,29,3,kNN,1.056.200,150+,2025-12-12 01:10:19
1,STRAYLEGENDS,30,34,psyᴮᴼᵀ,1.005.700,75+,2025-12-12 01:10:19
1,STRAYLEGENDS,31,16,UrşhiㅣStray,976.900,105+,2025-12-12 01:10:19
1,STRAYLEGENDS,32,33,p34nUtㅣStray,953.500,80+,2025-12-12 01:10:19
1,STRAYLEGENDS,33,30,letsfly,943.800,85+,2025-12-12 01:10:19
1,STRAYLEGENDS,34,32,DRˢᵗʳᵃʸ,886.600,80+,2025-12-12 01:10:19
1,STRAYLEGENDS,35,36,rank1Stoppls,879.000,70+,2025-12-12 01:10:19
1,STRAYLEGENDS,36,35,PikoPikoㅣStray,853.700,70+,2025-12-12 01:10:19
2,DOGEˢᵗʳᵃʸ,1,1,Toddlerr,1.618.100,175+,2025-12-12 01:10:43
2,DOGEˢᵗʳᵃʸ,2,7,RABBIT5,1.490.100,105+,2025-12-12 01:10:43
2,DOGEˢᵗʳᵃʸ,3,3,Phenteo,1.426.700,130+,2025-12-12 01:10:43
2,DOGEˢᵗʳᵃʸ,4,2,SngphO,1.296.200,160+,2025-12-12 01:10:43
2,DOGEˢᵗʳᵃʸ,5,5,Zveryok,1.217.800,115+,2025-12-12 01:10:43
2,DOGEˢᵗʳᵃʸ,6,17,OmarDynasty,1.167.400,80+,2025-12-12 01:10:43
2,DOGEˢᵗʳᵃʸ,7,12,Player 80018314,1.130.300,95+,2025-12-12 01:10:43
2,DOGEˢᵗʳᵃʸ,8,16,BlackFlamE,1.111.600,80+,2025-12-12 01:10:43
2,DOGEˢᵗʳᵃʸ,9,15,JohnyIron,1.104.300,80+,2025-12-12 01:10:43
2,DOGEˢᵗʳᵃʸ,10,4,NeonCBV,1.085.600,120+,2025-12-12 01:10:43
2,DOGEˢᵗʳᵃʸ,11,13,M2И.Αℓi,1.077.700,95+,2025-12-12 01:10:43
2,DOGEˢᵗʳᵃʸ,12,6,NullPtr,1.026.500,105+,2025-12-12 01:10:43
2,DOGEˢᵗʳᵃʸ,13,35,darawish,981.800,35+,2025-12-12 01:10:43
2,DOGEˢᵗʳᵃʸ,14,34,TAMERR,979.300,45+,2025-12-12 01:10:43
2,DOGEˢᵗʳᵃʸ,15,23,Phasecast,960.200,60+,2025-12-12 01:10:43
2,DOGEˢᵗʳᵃʸ,16,11,datamaster,954.500,95+,2025-12-12 01:10:43
2,DOGEˢᵗʳᵃʸ,17,9,FlyingDutchy,936.300,100+,2025-12-12 01:10:43
2,DOGEˢᵗʳᵃʸ,18,24,bangoogrl,936.300,60+,2025-12-12 01:10:43
2,DOGEˢᵗʳᵃʸ,19,18,ambaz,933.300,75+,2025-12-12 01:10:43
2,DOGEˢᵗʳᵃʸ,20,19,SkIllz,906.100,70+,2025-12-12 01:10:43
2,DOGEˢᵗʳᵃʸ,21,8,pumpenjoe,896.600,100+,2025-12-12 01:10:43
2,DOGEˢᵗʳᵃʸ,22,10,Hisuiiiiiiiiii,872.200,95+,2025-12-12 01:10:43
2,DOGEˢᵗʳᵃʸ,23,26,Jorker,853.500,55+,2025-12-12 01:10:43
2,DOGEˢᵗʳᵃʸ,24,21,faxnem,849.200,70+,2025-12-12 01:10:43
2,DOGEˢᵗʳᵃʸ,25,20,TGJ27,843.400,70+,2025-12-12 01:10:43
2,DOGEˢᵗʳᵃʸ,26,25,gubrax,830.300,60+,2025-12-12 01:10:43
2,DOGEˢᵗʳᵃʸ,27,14,Mugiwaaraa,829.200,90+,2025-12-12 01:10:43
2,DOGEˢᵗʳᵃʸ,28,22,toOp,796.600,65+,2025-12-12 01:10:43
2,DOGEˢᵗʳᵃʸ,29,31,Player 71871724,788.600,50+,2025-12-12 01:10:43
2,DOGEˢᵗʳᵃʸ,30,29,SnottjeㅣStray,760.800,55+,2025-12-12 01:10:43
2,DOGEˢᵗʳᵃʸ,31,28,Dr.Mohammed,741.700,55+,2025-12-12 01:10:43
2,DOGEˢᵗʳᵃʸ,32,27,BoredFinger,694.800,55+,2025-12-12 01:10:43
2,DOGEˢᵗʳᵃʸ,33,33,Itsyoboy1337,676.500,45+,2025-12-12 01:10:43
2,DOGEˢᵗʳᵃʸ,34,37,tamagochiwarrior,650.400,25+,2025-12-12 01:10:43
2,DOGEˢᵗʳᵃʸ,35,32,ongjosh,632.900,45+,2025-12-12 01:10:43
2,DOGEˢᵗʳᵃʸ,36,38,sharkMOON,611.300,20+,2025-12-12 01:10:43
2,DOGEˢᵗʳᵃʸ,37,36,Malvado56,596.400,30+,2025-12-12 01:10:43
2,DOGEˢᵗʳᵃʸ,38,30,RoyCarter,596.100,50+,2025-12-12 01:10:43
2,DOGEˢᵗʳᵃʸ,39,39,irfanpekso,589.800,20+,2025-12-12 01:10:43
2,FREEDOMˢᵗʳᵃʸ,1,1,神Sterben死,1.733.900,135+,2025-12-12 01:10:43
2,FREEDOMˢᵗʳᵃʸ,2,4,Cunner88,1.572.400,125+,2025-12-12 01:10:43
2,FREEDOMˢᵗʳᵃʸ,3,2,WaioraㅣStray,1.322.400,135+,2025-12-12 01:10:43
2,FREEDOMˢᵗʳᵃʸ,4,20,SmallBotoㅣStray,1.242.500,70+,2025-12-12 01:10:43
2,FREEDOMˢᵗʳᵃʸ,5,5,PastalaVista,1.222.100,115+,2025-12-12 01:10:43
2,FREEDOMˢᵗʳᵃʸ,6,6,Gritchen,1.196.400,110+,2025-12-12 01:10:43
2,FREEDOMˢᵗʳᵃʸ,7,18,Limys,1.080.400,75+,2025-12-12 01:10:43
2,FREEDOMˢᵗʳᵃʸ,8,16,MrPlusUltra,1.048.100,80+,2025-12-12 01:10:43
2,FREEDOMˢᵗʳᵃʸ,9,3,Player 32236991,1.020.700,135+,2025-12-12 01:10:43
2,FREEDOMˢᵗʳᵃʸ,10,10,EMBALOCO,997.800,100+,2025-12-12 01:10:43
2,FREEDOMˢᵗʳᵃʸ,11,11,BobBobberson,983.400,100+,2025-12-12 01:10:43
2,FREEDOMˢᵗʳᵃʸ,12,9,bimbabo,978.600,105+,2025-12-12 01:10:43
2,FREEDOMˢᵗʳᵃʸ,13,8,HakiLuffy,944.000,105+,2025-12-12 01:10:43
2,FREEDOMˢᵗʳᵃʸ,14,23,Belthazar,942.800,70+,2025-12-12 01:10:43
2,FREEDOMˢᵗʳᵃʸ,15,7,HonoraryCurve51,901.500,105+,2025-12-12 01:10:43
2,FREEDOMˢᵗʳᵃʸ,16,24,KusoYaroo,888.500,65+,2025-12-12 01:10:43
2,FREEDOMˢᵗʳᵃʸ,17,22,N0M3rcy,877.400,70+,2025-12-12 01:10:43
2,FREEDOMˢᵗʳᵃʸ,18,17,THJF1948ㅣStray,876.900,75+,2025-12-12 01:10:43
2,FREEDOMˢᵗʳᵃʸ,19,34,Hobin357,874.900,45+,2025-12-12 01:10:43
2,FREEDOMˢᵗʳᵃʸ,20,25,Hiryu69,868.500,60+,2025-12-12 01:10:43
2,FREEDOMˢᵗʳᵃʸ,21,13,SUJAY,867.600,95+,2025-12-12 01:10:43
2,FREEDOMˢᵗʳᵃʸ,22,19,魂Sterben死,844.200,70+,2025-12-12 01:10:43
2,FREEDOMˢᵗʳᵃʸ,23,28,cocacandy,832.600,50+,2025-12-12 01:10:43
2,FREEDOMˢᵗʳᵃʸ,24,12,Player 66607264,825.500,100+,2025-12-12 01:10:43
2,FREEDOMˢᵗʳᵃʸ,25,15,lguinily,814.900,80+,2025-12-12 01:10:43
2,FREEDOMˢᵗʳᵃʸ,26,14,b0ss,796.800,80+,2025-12-12 01:10:43
2,FREEDOMˢᵗʳᵃʸ,27,33,WeirdPlays,768.200,45+,2025-12-12 01:10:43
2,FREEDOMˢᵗʳᵃʸ,28,21,Rzzza,746.900,70+,2025-12-12 01:10:43
2,FREEDOMˢᵗʳᵃʸ,29,37,6J4,734.100,40+,2025-12-12 01:10:43
2,FREEDOMˢᵗʳᵃʸ,30,30,Mclovin404,715.600,50+,2025-12-12 01:10:43
2,FREEDOMˢᵗʳᵃʸ,31,27,Lemminkäinen,694.100,60+,2025-12-12 01:10:43
2,FREEDOMˢᵗʳᵃʸ,32,36,CheesyBreadSticks,617.200,40+,2025-12-12 01:10:43
2,FREEDOMˢᵗʳᵃʸ,33,29,HannaM,614.900,50+,2025-12-12 01:10:43
2,FREEDOMˢᵗʳᵃʸ,34,32,Phlay,606.700,45+,2025-12-12 01:10:43
2,FREEDOMˢᵗʳᵃʸ,35,40,mc2084,605.400,30+,2025-12-12 01:10:43
2,FREEDOMˢᵗʳᵃʸ,36,31,swifft,592.900,45+,2025-12-12 01:10:43
2,FREEDOMˢᵗʳᵃʸ,37,38,Slaterho,586.800,40+,2025-12-12 01:10:43
2,FREEDOMˢᵗʳᵃʸ,38,26,OmegaZZ,584.000,60+,2025-12-12 01:10:43
2,FREEDOMˢᵗʳᵃʸ,39,39,Pookaz,565.400,35+,2025-12-12 01:10:43
2,FREEDOMˢᵗʳᵃʸ,40,35,Player 78792329,529.600,40+,2025-12-12 01:10:43
2,家TROPICTHUNDER族,1,31,Lars316,1.613.300,85+,2025-12-12 01:10:43
2,家TROPICTHUNDER族,2,4,4RunUover,1.603.300,130+,2025-12-12 01:10:43
2,家TROPICTHUNDER族,3,1,Hack_Was_Fun,1.558.200,165+,2025-12-12 01:10:43
2,家TROPICTHUNDER族,4,19,JennyTTStray,1.544.200,100+,2025-12-12 01:10:43
2,家TROPICTHUNDER族,5,5,ـLUCIFERـ,1.460.300,130+,2025-12-12 01:10:43
2,家TROPICTHUNDER族,6,16,KatoㅣStray,1.426.700,105+,2025-12-12 01:10:43
2,家TROPICTHUNDER族,7,3,Lukot,1.349.900,130+,2025-12-12 01:10:43
2,家TROPICTHUNDER族,8,2,家HybridTheory族,1.289.600,130+,2025-12-12 01:10:43
2,家TROPICTHUNDER族,9,14,diablaw,1.256.100,105+,2025-12-12 01:10:43
2,家TROPICTHUNDER族,10,13,Eggleston,1.245.000,105+,2025-12-12 01:10:43
2,家TROPICTHUNDER族,11,23,W1ngZ3r0,1.230.500,100+,2025-12-12 01:10:43
2,家TROPICTHUNDER族,12,10,Sloanious,1.184.500,110+,2025-12-12 01:10:43
2,家TROPICTHUNDER族,13,6,Henry95,1.160.600,125+,2025-12-12 01:10:43
2,家TROPICTHUNDER族,14,15,族TheZ族,1.156.900,105+,2025-12-12 01:10:43
2,家TROPICTHUNDER族,15,18,Tama~,1.155.800,105+,2025-12-12 01:10:43
2,家TROPICTHUNDER族,16,32,Kaosenti,1.115.100,85+,2025-12-12 01:10:43
2,家TROPICTHUNDER族,17,22,家Veititj族,1.059.200,100+,2025-12-12 01:10:43
2,家TROPICTHUNDER族,18,33,家MossWatcher族,1.045.200,75+,2025-12-12 01:10:43
2,家TROPICTHUNDER族,19,12,Ashton91,1.035.800,105+,2025-12-12 01:10:43
2,家TROPICTHUNDER族,20,30,家Victor族,1.018.100,85+,2025-12-12 01:10:43
2,家TROPICTHUNDER族,21,11,家Bertticus族,1.005.300,110+,2025-12-12 01:10:43
2,家TROPICTHUNDER族,22,7,家SecretLegacy族,1.001.800,120+,2025-12-12 01:10:43
2,家TROPICTHUNDER族,23,9,家TailorShift族,995.900,115+,2025-12-12 01:10:43
2,家TROPICTHUNDER族,24,36,A-R-M-I-N,990.100,65+,2025-12-12 01:10:43
2,家TROPICTHUNDER族,25,21,NativBlk,972.800,100+,2025-12-12 01:10:43
2,家TROPICTHUNDER族,26,25,家Pisti族,964.500,90+,2025-12-12 01:10:43
2,家TROPICTHUNDER族,27,27,'Jena',958.100,90+,2025-12-12 01:10:43
2,家TROPICTHUNDER族,28,8,ElDana,917.000,120+,2025-12-12 01:10:43
2,家TROPICTHUNDER族,29,28,•RIP•,914.400,90+,2025-12-12 01:10:43
2,家TROPICTHUNDER族,30,26,Shikooo,908.700,90+,2025-12-12 01:10:43
2,家TROPICTHUNDER族,31,34,Xanaria,893.400,75+,2025-12-12 01:10:43
2,家TROPICTHUNDER族,32,37,Sahinsah,885.100,65+,2025-12-12 01:10:43
2,家TROPICTHUNDER族,33,29,Spìke,880.000,90+,2025-12-12 01:10:43
2,家TROPICTHUNDER族,34,35,GOZᵃ,867.100,70+,2025-12-12 01:10:43
2,家TROPICTHUNDER族,35,24,Noklas,863.500,95+,2025-12-12 01:10:43
2,家TROPICTHUNDER族,36,17,你Kess,834.500,105+,2025-12-12 01:10:43
2,家TROPICTHUNDER族,37,20,dirtbikez,752.000,100+,2025-12-12 01:10:43
2,家TROPICTHUNDER族,38,38,LordBael,689.000,40+,2025-12-12 01:10:43
2,家TROPICTHUNDER族,39,39,jman1234567890,32.500,0+,2025-12-12 01:10:43
2,STRAY.IO,1,3,KaijuYoshi,1.361.900,125+,2025-12-12 01:10:43
2,STRAY.IO,2,2,lonebob57,1.306.200,130+,2025-12-12 01:10:43
2,STRAY.IO,3,13,Jakbo,1.136.200,65+,2025-12-12 01:10:43
2,STRAY.IO,4,1,bwf198,1.114.600,145+,2025-12-12 01:10:43
2,STRAY.IO,5,5,stevenr462,1.106.300,95+,2025-12-12 01:10:43
2,STRAY.IO,6,11,Draalis,992.100,75+,2025-12-12 01:10:43
2,STRAY.IO,7,4,chinsung,971.100,100+,2025-12-12 01:10:43
2,STRAY.IO,8,17,∆Di,916.100,60+,2025-12-12 01:10:43
2,STRAY.IO,9,25,Gherardox,912.900,50+,2025-12-12 01:10:43
2,STRAY.IO,10,8,Moogen,896.200,80+,2025-12-12 01:10:43
2,STRAY.IO,11,12,SOPER607,848.000,70+,2025-12-12 01:10:43
2,STRAY.IO,12,6,leonsie,811.500,95+,2025-12-12 01:10:43
2,STRAY.IO,13,10,BIGfin86,792.900,75+,2025-12-12 01:10:43
2,STRAY.IO,14,16,тильт,782.400,60+,2025-12-12 01:10:43
2,STRAY.IO,15,15,Nice8,772.200,60+,2025-12-12 01:10:43
2,STRAY.IO,16,19,Skidatatek,767.500,55+,2025-12-12 01:10:43
2,STRAY.IO,17,24,Popmini,754.100,50+,2025-12-12 01:10:43
2,STRAY.IO,18,7,Tsareff,748.900,90+,2025-12-12 01:10:43
2,STRAY.IO,19,20,MisterFapFap,738.800,55+,2025-12-12 01:10:43
2,STRAY.IO,20,18,DropBears,736.100,55+,2025-12-12 01:10:43
2,STRAY.IO,21,30,Eziored,725.200,35+,2025-12-12 01:10:43
2,STRAY.IO,22,14,Spoons234,723.800,60+,2025-12-12 01:10:43
2,STRAY.IO,23,27,Justesdk,720.900,45+,2025-12-12 01:10:43
2,STRAY.IO,24,9,Mv001,700.100,75+,2025-12-12 01:10:43
2,STRAY.IO,25,21,CongratzW,693.700,55+,2025-12-12 01:10:43
2,STRAY.IO,26,26,crackbaby69,687.400,50+,2025-12-12 01:10:43
2,STRAY.IO,27,32,CrazyRandmHpnstnce,678.800,30+,2025-12-12 01:10:43
2,STRAY.IO,28,29,stray_scorpian,669.300,40+,2025-12-12 01:10:43
2,STRAY.IO,29,28,Traash,657.600,40+,2025-12-12 01:10:43
2,STRAY.IO,30,36,HideOnBushs,644.500,20+,2025-12-12 01:10:43
2,STRAY.IO,31,31,Thabet,640.100,35+,2025-12-12 01:10:43
2,STRAY.IO,32,23,Player 22630727,617.000,50+,2025-12-12 01:10:43
2,STRAY.IO,33,22,majedHm,614.200,50+,2025-12-12 01:10:43
2,STRAY.IO,34,33,Disguy2k,543.300,25+,2025-12-12 01:10:43
2,STRAY.IO,35,34,interestic,519.400,25+,2025-12-12 01:10:43
2,STRAY.IO,36,35,FioO,474.900,20+,2025-12-12 01:10:43
2,STRAY.IO,37,37,Player 48281008,329.500,15+,2025-12-12 01:10:43
2,STRAY.IO,38,38,DTIgrind,226.500,5+,2025-12-12 01:10:43
3,STRAYSTORM,1,2,ɢᴜʏ,1.686.700,115+,2025-12-12 01:11:09
3,STRAYSTORM,2,4,iSig,1.544.100,110+,2025-12-12 01:11:09
3,STRAYSTORM,3,8,Law989,1.427.600,100+,2025-12-12 01:11:09
3,STRAYSTORM,4,15,Juilo,1.415.600,85+,2025-12-12 01:11:09
3,STRAYSTORM,5,6,cha0ticz,1.389.600,100+,2025-12-12 01:11:09
3,STRAYSTORM,6,26,rhaon,1.361.900,75+,2025-12-12 01:11:09
3,STRAYSTORM,7,12,Bjaernebajs,1.356.100,90+,2025-12-12 01:11:09
3,STRAYSTORM,8,5,B00QIE,1.315.800,100+,2025-12-12 01:11:09
3,STRAYSTORM,9,7,JustPatos,1.257.300,100+,2025-12-12 01:11:09
3,STRAYSTORM,10,30,PrimeSurvivor,1.253.600,60+,2025-12-12 01:11:09
3,STRAYSTORM,11,13,Highflyer11,1.234.700,90+,2025-12-12 01:11:09
3,STRAYSTORM,12,25,SergeantGainz,1.181.900,75+,2025-12-12 01:11:09
3,STRAYSTORM,13,1,Player 17908998,1.163.800,125+,2025-12-12 01:11:09
3,STRAYSTORM,14,19,MindBlock,1.122.000,85+,2025-12-12 01:11:09
3,STRAYSTORM,15,3,NinjaCape,1.118.700,115+,2025-12-12 01:11:09
3,STRAYSTORM,16,14,Player 48097943,1.110.300,85+,2025-12-12 01:11:09
3,STRAYSTORM,17,23,Notsileous,1.096.800,80+,2025-12-12 01:11:09
3,STRAYSTORM,18,11,Goatless,1.095.900,90+,2025-12-12 01:11:09
3,STRAYSTORM,19,18,kOnArTiS,1.083.200,85+,2025-12-12 01:11:09
3,STRAYSTORM,20,35,Xorumelass,1.064.600,55+,2025-12-12 01:11:09
3,STRAYSTORM,21,10,NahImGucci,1.052.800,95+,2025-12-12 01:11:09
3,STRAYSTORM,22,21,Christofferd,1.048.600,85+,2025-12-12 01:11:09
3,STRAYSTORM,23,27,uphillslide,1.028.700,75+,2025-12-12 01:11:09
3,STRAYSTORM,24,20,Volker161,976.900,85+,2025-12-12 01:11:09
3,STRAYSTORM,25,17,Bucket0fNutz,955.300,85+,2025-12-12 01:11:09
3,STRAYSTORM,26,33,LanceOne,950.800,60+,2025-12-12 01:11:09
3,STRAYSTORM,27,36,justaguy25,944.800,55+,2025-12-12 01:11:09
3,STRAYSTORM,28,38,Xing123,937.800,50+,2025-12-12 01:11:09
3,STRAYSTORM,29,28,Short444,930.300,70+,2025-12-12 01:11:09
3,STRAYSTORM,30,34,MangoJuice1,917.400,60+,2025-12-12 01:11:09
3,STRAYSTORM,31,24,redDragon,895.800,75+,2025-12-12 01:11:09
3,STRAYSTORM,32,32,SuperSlimShaney,834.200,60+,2025-12-12 01:11:09
3,STRAYSTORM,33,16,kennyh,831.900,85+,2025-12-12 01:11:09
3,STRAYSTORM,34,29,Frantico,817.300,70+,2025-12-12 01:11:09
3,STRAYSTORM,35,37,fknincrediballz,801.500,55+,2025-12-12 01:11:09
3,STRAYSTORM,36,22,GreyFoxie,800.900,80+,2025-12-12 01:11:09
3,STRAYSTORM,37,40,IMurder,790.400,40+,2025-12-12 01:11:09
3,STRAYSTORM,38,39,S0M3S0X,720.200,45+,2025-12-12 01:11:09
3,STRAYSTORM,39,31,無課38393963,706.000,60+,2025-12-12 01:11:09
3,STRAYSTORM,40,9,MrReality,670.700,95+,2025-12-12 01:11:09
3,STRAY BUNNIES,1,1,ItsZack,1.671.300,140+,2025-12-12 01:11:09
3,STRAY BUNNIES,2,5,Darkmanlive,1.286.800,105+,2025-12-12 01:11:09
3,STRAY BUNNIES,3,2,Boo,1.165.400,125+,2025-12-12 01:11:09
3,STRAY BUNNIES,4,14,Fourshots,1.127.900,80+,2025-12-12 01:11:09
3,STRAY BUNNIES,5,10,ThunderGod2,1.124.300,90+,2025-12-12 01:11:09
3,STRAY BUNNIES,6,4,Belicious,1.105.900,115+,2025-12-12 01:11:09
3,STRAY BUNNIES,7,8,Tüfaßt,1.073.600,95+,2025-12-12 01:11:09
3,STRAY BUNNIES,8,3,Turbyturbo,1.062.100,120+,2025-12-12 01:11:09
3,STRAY BUNNIES,9,16,O2Thief,1.046.600,75+,2025-12-12 01:11:09
3,STRAY BUNNIES,10,12,BlazePower,1.046.200,85+,2025-12-12 01:11:09
3,STRAY BUNNIES,11,26,YoYoMa9,1.043.400,60+,2025-12-12 01:11:09
3,STRAY BUNNIES,12,11,monsterKiz,1.041.200,85+,2025-12-12 01:11:09
3,STRAY BUNNIES,13,15,Alb247,944.800,80+,2025-12-12 01:11:09
3,STRAY BUNNIES,14,23,xaya123,942.200,70+,2025-12-12 01:11:09
3,STRAY BUNNIES,15,22,Player 79648693,904.800,75+,2025-12-12 01:11:09
3,STRAY BUNNIES,16,21,AkoLang'To,903.200,75+,2025-12-12 01:11:09
3,STRAY BUNNIES,17,17,轉入台大醫學,885.800,75+,2025-12-12 01:11:09
3,STRAY BUNNIES,18,24,4Umarly,882.400,70+,2025-12-12 01:11:09
3,STRAY BUNNIES,19,7,5tig,866.800,100+,2025-12-12 01:11:09
3,STRAY BUNNIES,20,20,iriz,855.100,75+,2025-12-12 01:11:09
3,STRAY BUNNIES,21,6,Joltman,824.800,105+,2025-12-12 01:11:09
3,STRAY BUNNIES,22,19,AlphaxD,804.800,75+,2025-12-12 01:11:09
3,STRAY BUNNIES,23,38,nicomoㅣStray,764.600,30+,2025-12-12 01:11:09
3,STRAY BUNNIES,24,32,ApesTogetherStrong,760.300,40+,2025-12-12 01:11:09
3,STRAY BUNNIES,25,13,NZIㅤ|ㅤStray,758.800,80+,2025-12-12 01:11:09
3,STRAY BUNNIES,26,36,Asif17|Stray,755.000,35+,2025-12-12 01:11:09
3,STRAY BUNNIES,27,25,Pepegenius,743.600,60+,2025-12-12 01:11:09
3,STRAY BUNNIES,28,27,TheAceOfBlades,737.000,55+,2025-12-12 01:11:09
3,STRAY BUNNIES,29,34,slick308,733.600,40+,2025-12-12 01:11:09
3,STRAY BUNNIES,30,31,♅ㆍSonnyM,712.100,45+,2025-12-12 01:11:09
3,STRAY BUNNIES,31,29,chipigu,699.700,55+,2025-12-12 01:11:09
3,STRAY BUNNIES,32,28,YAhya,696.700,55+,2025-12-12 01:11:09
3,STRAY BUNNIES,33,30,JSJK91177,654.500,45+,2025-12-12 01:11:09
3,STRAY BUNNIES,34,33,LegendofWar2099,650.500,40+,2025-12-12 01:11:09
3,STRAY BUNNIES,35,39,ICUCICU,632.400,25+,2025-12-12 01:11:09
3,STRAY BUNNIES,36,37,Abk1,628.400,30+,2025-12-12 01:11:09
3,STRAY BUNNIES,37,18,DarkwingㅣStray,615.100,75+,2025-12-12 01:11:09
3,STRAY BUNNIES,38,9,zachribution,543.700,95+,2025-12-12 01:11:09
3,STRAY BUNNIES,39,35,stormbreaker12,427.800,35+,2025-12-12 01:11:09
3,STRAY-V445,1,1,ᴬᶜᵗRork2383,1.751.700,195+,2025-12-12 01:11:09
3,STRAY-V445,2,3,ᴬᶜᵗiiREDii,1.680.000,125+,2025-12-12 01:11:09
3,STRAY-V445,3,2,DrDrood,1.278.500,130+,2025-12-12 01:11:09
3,STRAY-V445,4,7,sologogo,1.256.200,95+,2025-12-12 01:11:09
3,STRAY-V445,5,6,Redlogo,1.117.100,105+,2025-12-12 01:11:09
3,STRAY-V445,6,5,ᴬᶜᵗEx4596,1.066.100,115+,2025-12-12 01:11:09
3,STRAY-V445,7,8,bminusᵛ⁴⁴⁵,1.065.100,95+,2025-12-12 01:11:09
3,STRAY-V445,8,9,ᴬᶜᵗBorris,961.500,90+,2025-12-12 01:11:09
3,STRAY-V445,9,13,Raphey,932.800,70+,2025-12-12 01:11:09
3,STRAY-V445,10,10,ᴬᶜᵗᴬˢWORM,928.200,80+,2025-12-12 01:11:09
3,STRAY-V445,11,12,ᴬcᵗMurseJ,866.300,70+,2025-12-12 01:11:09
3,STRAY-V445,12,4,ᴬᶜᵗEscanor,861.000,115+,2025-12-12 01:11:09
3,STRAY-V445,13,14,Charonˢᵗʳᵃʸ,857.100,65+,2025-12-12 01:11:09
3,STRAY-V445,14,21,21BlackJax,781.800,35+,2025-12-12 01:11:09
3,STRAY-V445,15,34,Chrome2YerDome,760.200,15+,2025-12-12 01:11:09
3,STRAY-V445,16,18,bucdoolb,739.800,50+,2025-12-12 01:11:09
3,STRAY-V445,17,11,Duhveed,722.000,75+,2025-12-12 01:11:09
3,STRAY-V445,18,15,Calvin22Klein,695.400,55+,2025-12-12 01:11:09
3,STRAY-V445,19,16,PicklePallChamp,646.700,50+,2025-12-12 01:11:09
3,STRAY-V445,20,26,zoliamester,582.500,25+,2025-12-12 01:11:09
3,STRAY-V445,21,25,Tofino,575.200,25+,2025-12-12 01:11:09
3,STRAY-V445,22,22,Hroutzz,562.600,30+,2025-12-12 01:11:09
3,STRAY-V445,23,19,aurelius_Locke,560.500,40+,2025-12-12 01:11:09
3,STRAY-V445,24,31,DaZed,519.100,20+,2025-12-12 01:11:09
3,STRAY-V445,25,17,Mrshep4,517.900,50+,2025-12-12 01:11:09
3,STRAY-V445,26,28,zhiright,490.000,25+,2025-12-12 01:11:09
3,STRAY-V445,27,20,Tóys,468.200,35+,2025-12-12 01:11:09
3,STRAY-V445,28,29,KingJackal,460.400,25+,2025-12-12 01:11:09
3,STRAY-V445,29,24,DiFfbuilt,442.900,25+,2025-12-12 01:11:09
3,STRAY-V445,30,35,Player 40482554,439.500,15+,2025-12-12 01:11:09
3,STRAY-V445,31,37,Ezio0,438.300,15+,2025-12-12 01:11:09
3,STRAY-V445,32,23,AcidBullets,426.500,30+,2025-12-12 01:11:09
3,STRAY-V445,33,27,isildurr,389.900,25+,2025-12-12 01:11:09
3,STRAY-V445,34,32,BossLrz,371.700,20+,2025-12-12 01:11:09
3,STRAY-V445,35,30,LukeSkywalker.,358.400,20+,2025-12-12 01:11:09
3,STRAY-V445,36,38,Eli321p,334.600,15+,2025-12-12 01:11:09
3,STRAY-V445,37,33,fistking_92,324.400,20+,2025-12-12 01:11:09
3,STRAY-V445,38,36,赤紅之瞳,319.400,15+,2025-12-12 01:11:09
3,CHAOTICAF.,1,2,Geezas,1.301.100,90+,2025-12-12 01:11:09
3,CHAOTICAF.,2,7,taxevadxr,1.222.300,70+,2025-12-12 01:11:09
3,CHAOTICAF.,3,17,Heretic911,1.025.900,60+,2025-12-12 01:11:09
3,CHAOTICAF.,4,1,shoonr,992.100,110+,2025-12-12 01:11:09
3,CHAOTICAF.,5,19,Csokiscsiga92,984.500,55+,2025-12-12 01:11:09
3,CHAOTICAF.,6,35,Yaosiewkiax3,960.900,30+,2025-12-12 01:11:09
3,CHAOTICAF.,7,20,Theozzxz,908.800,55+,2025-12-12 01:11:09
3,CHAOTICAF.,8,5,beesknees22,902.200,80+,2025-12-12 01:11:09
3,CHAOTICAF.,9,25,ZurvivoR,901.000,50+,2025-12-12 01:11:09
3,CHAOTICAF.,10,31,jaraimundo,897.900,45+,2025-12-12 01:11:09
3,CHAOTICAF.,11,3,GarlicSauz,869.800,90+,2025-12-12 01:11:09
3,CHAOTICAF.,12,28,ArabGoku,867.300,50+,2025-12-12 01:11:09
3,CHAOTICAF.,13,16,Zodig,837.400,60+,2025-12-12 01:11:09
3,CHAOTICAF.,14,29,iLol_soLoud,829.200,45+,2025-12-12 01:11:09
3,CHAOTICAF.,15,32,CircularLogic,818.500,40+,2025-12-12 01:11:09
3,CHAOTICAF.,16,27,Beezore,780.600,50+,2025-12-12 01:11:09
3,CHAOTICAF.,17,12,Melvin**,777.100,65+,2025-12-12 01:11:09
3,CHAOTICAF.,18,8,Richwezzy,769.600,70+,2025-12-12 01:11:09
3,CHAOTICAF.,19,14,StrayㅣSheriff420,763.600,65+,2025-12-12 01:11:09
3,CHAOTICAF.,20,4,cescoba,752.200,85+,2025-12-12 01:11:09
3,CHAOTICAF.,21,6,angbn,750.700,70+,2025-12-12 01:11:09
3,CHAOTICAF.,22,11,Boyee4,747.000,65+,2025-12-12 01:11:09
3,CHAOTICAF.,23,21,Purdey,730.400,55+,2025-12-12 01:11:09
3,CHAOTICAF.,24,18,Hyrui,726.800,60+,2025-12-12 01:11:09
3,CHAOTICAF.,25,10,R@ptor,707.500,70+,2025-12-12 01:11:09
3,CHAOTICAF.,26,30,volcanoash,691.200,45+,2025-12-12 01:11:09
3,CHAOTICAF.,27,23,jBoom,685.600,50+,2025-12-12 01:11:09
3,CHAOTICAF.,28,9,yomomisphat,667.900,70+,2025-12-12 01:11:09
3,CHAOTICAF.,29,33,lilsum43,665.700,40+,2025-12-12 01:11:09
3,CHAOTICAF.,30,13,itsmeAngkoL,660.100,65+,2025-12-12 01:11:09
3,CHAOTICAF.,31,22,Ressensou,657.700,55+,2025-12-12 01:11:09
3,CHAOTICAF.,32,36,passoguava,642.500,30+,2025-12-12 01:11:09
3,CHAOTICAF.,33,24,captainita,616.100,50+,2025-12-12 01:11:09
3,CHAOTICAF.,34,26,DB1945,594.600,50+,2025-12-12 01:11:09
3,CHAOTICAF.,35,15,2Neat,585.600,60+,2025-12-12 01:11:09
3,CHAOTICAF.,36,34,figozeez,539.700,35+,2025-12-12 01:11:09
4,⚚STRAYCHAOS⚚,1,6,bigmike12902,1.318.300,80+,2025-12-12 01:11:35
4,⚚STRAYCHAOS⚚,2,4,Symbyte,1.225.300,95+,2025-12-12 01:11:35
4,⚚STRAYCHAOS⚚,3,1,盾Heathcliff剣,1.171.100,130+,2025-12-12 01:11:35
4,⚚STRAYCHAOS⚚,4,3,mis0gi,1.151.500,100+,2025-12-12 01:11:35
4,⚚STRAYCHAOS⚚,5,10,♅ㆍSkiLLissue.,1.059.600,70+,2025-12-12 01:11:35
4,⚚STRAYCHAOS⚚,6,2,PartiMan,1.030.100,100+,2025-12-12 01:11:35
4,⚚STRAYCHAOS⚚,7,13,PaytMe,1.027.500,65+,2025-12-12 01:11:35
4,⚚STRAYCHAOS⚚,8,18,♅ㆍZhadum,960.400,55+,2025-12-12 01:11:35
4,⚚STRAYCHAOS⚚,9,9,♅ㆍcwackducks21,892.800,70+,2025-12-12 01:11:35
4,⚚STRAYCHAOS⚚,10,12,DarkerWhite,874.900,65+,2025-12-12 01:11:35
4,⚚STRAYCHAOS⚚,11,15,PeterPumpkin,835.800,60+,2025-12-12 01:11:35
4,⚚STRAYCHAOS⚚,12,37,Ranched,807.900,15+,2025-12-12 01:11:35
4,⚚STRAYCHAOS⚚,13,14,whatisdds,790.500,60+,2025-12-12 01:11:35
4,⚚STRAYCHAOS⚚,14,8,Partiboy,765.300,70+,2025-12-12 01:11:35
4,⚚STRAYCHAOS⚚,15,5,♅ㆍEinherjar,764.300,85+,2025-12-12 01:11:35
4,⚚STRAYCHAOS⚚,16,20,|Venom|,758.700,50+,2025-12-12 01:11:35
4,⚚STRAYCHAOS⚚,17,29,swaggyceeze,743.300,35+,2025-12-12 01:11:35
4,⚚STRAYCHAOS⚚,18,30,Player 63370860,740.100,30+,2025-12-12 01:11:35
4,⚚STRAYCHAOS⚚,19,32,chocofritzels,729.200,30+,2025-12-12 01:11:35
4,⚚STRAYCHAOS⚚,20,17,♅ㆍSticky_Anton,728.400,55+,2025-12-12 01:11:35
4,⚚STRAYCHAOS⚚,21,19,55104981ㅣᴳᴴ,717.300,50+,2025-12-12 01:11:35
4,⚚STRAYCHAOS⚚,22,11,ShelbyHarley379,709.100,65+,2025-12-12 01:11:35
4,⚚STRAYCHAOS⚚,23,24,TinyOops,695.500,45+,2025-12-12 01:11:35
4,⚚STRAYCHAOS⚚,24,28,♅ㆍAlbireo,656.800,35+,2025-12-12 01:11:35
4,⚚STRAYCHAOS⚚,25,7,talon151,644.200,70+,2025-12-12 01:11:35
4,⚚STRAYCHAOS⚚,26,23,Sameil,622.600,45+,2025-12-12 01:11:35
4,⚚STRAYCHAOS⚚,27,26,♅ㆍSkiLLissue,611.700,45+,2025-12-12 01:11:35
4,⚚STRAYCHAOS⚚,28,35,Bright90Stray,610.000,20+,2025-12-12 01:11:35
4,⚚STRAYCHAOS⚚,29,31,♅ㆍHunkyDory,595.900,30+,2025-12-12 01:11:35
4,⚚STRAYCHAOS⚚,30,22,hjssssss,591.900,50+,2025-12-12 01:11:35
4,⚚STRAYCHAOS⚚,31,16,NoggyS4,588.800,55+,2025-12-12 01:11:35
4,⚚STRAYCHAOS⚚,32,36,Zhawius,579.100,15+,2025-12-12 01:11:35
4,⚚STRAYCHAOS⚚,33,21,Cowabummer67,549.100,50+,2025-12-12 01:11:35
4,⚚STRAYCHAOS⚚,34,25,2xc3ˢᵗʳᵃʸ,519.700,45+,2025-12-12 01:11:35
4,⚚STRAYCHAOS⚚,35,27,Dliao,483.300,40+,2025-12-12 01:11:35
4,⚚STRAYCHAOS⚚,36,34,tabbii,404.500,25+,2025-12-12 01:11:35
4,⚚STRAYCHAOS⚚,37,33,_GamersFuture_,397.500,25+,2025-12-12 01:11:35
4,⚚STRAYCHAOS⚚,38,38,Nazmul99,195.400,10+,2025-12-12 01:11:35
